timestamp,source,kind
1762119341411,client-1,user_register
1762119341411,client-2,user_register
1762119341411,client-3,user_register
1762119341411,client-4,user_register
1762119341411,client-5,user_register
1762119341411,client-11,user_register
1762119341411,client-6,user_register
1762119341411,client-7,user_register
1762119341411,client-8,user_register
1762119341411,client-9,user_register
1762119341411,client-10,user_register
1762119341411,client-12,user_register
1762119341411,client-13,user_register
1762119341411,client-14,user_register
1762119341411,client-15,user_register
1762119341411,client-16,user_register
1762119341411,client-17,user_register
1762119341411,client-18,user_register
1762119341411,client-19,user_register
1762119341411,client-20,user_register
1762119341411,client-21,user_register
1762119341411,client-22,user_register
1762119341411,client-23,user_register
1762119341411,client-24,user_register
1762119341411,client-25,user_register
1762119341411,client-1,subreddit_join
1762119341411,client-26,user_register
1762119341411,client-27,user_register
1762119341411,client-28,user_register
1762119341411,client-29,user_register
1762119341411,client-30,user_register
1762119341411,client-12,subreddit_join
1762119341411,client-31,user_register
1762119341411,client-13,subreddit_join
1762119341411,client-32,user_register
1762119341411,client-14,subreddit_join
1762119341411,client-15,subreddit_join
1762119341411,client-33,user_register
1762119341411,client-16,subreddit_join
1762119341411,client-34,user_register
1762119341411,client-17,subreddit_join
1762119341411,client-35,user_register
1762119341411,client-36,user_register
1762119341411,client-37,user_register
1762119341411,client-18,subreddit_join
1762119341411,client-21,subreddit_join
1762119341411,client-38,user_register
1762119341411,client-39,user_register
1762119341411,client-19,subreddit_join
1762119341411,client-40,user_register
1762119341411,client-22,subreddit_join
1762119341411,client-41,user_register
1762119341411,client-42,user_register
1762119341411,client-20,subreddit_join
1762119341411,client-43,user_register
1762119341411,client-44,user_register
1762119341411,client-23,subreddit_join
1762119341411,client-45,user_register
1762119341411,client-46,user_register
1762119341411,client-47,user_register
1762119341411,client-48,user_register
1762119341412,client-49,user_register
1762119341412,client-24,subreddit_join
1762119341412,client-51,user_register
1762119341412,client-50,user_register
1762119341412,client-52,user_register
1762119341412,client-53,user_register
1762119341412,client-54,user_register
1762119341412,client-55,user_register
1762119341412,client-56,user_register
1762119341412,client-57,user_register
1762119341412,client-25,subreddit_join
1762119341412,client-58,user_register
1762119341412,client-59,user_register
1762119341412,client-60,user_register
1762119341412,client-61,user_register
1762119341412,client-62,user_register
1762119341412,client-63,user_register
1762119341412,client-64,user_register
1762119341412,client-2,subreddit_join
1762119341412,client-1,subreddit_join
1762119341412,client-26,subreddit_join
1762119341412,client-27,subreddit_join
1762119341412,client-28,subreddit_join
1762119341412,client-29,subreddit_join
1762119341412,client-30,subreddit_join
1762119341412,client-12,subreddit_join
1762119341412,client-31,subreddit_join
1762119341412,client-13,subreddit_join
1762119341412,client-32,subreddit_join
1762119341412,client-14,subreddit_join
1762119341412,client-15,subreddit_join
1762119341412,client-16,subreddit_join
1762119341412,client-33,subreddit_join
1762119341412,client-34,subreddit_join
1762119341412,client-17,subreddit_join
1762119341412,client-36,subreddit_join
1762119341412,client-35,subreddit_join
1762119341412,client-37,subreddit_join
1762119341412,client-18,subreddit_join
1762119341412,client-21,subreddit_join
1762119341412,client-38,subreddit_join
1762119341412,client-39,subreddit_join
1762119341412,client-19,subreddit_join
1762119341412,client-40,subreddit_join
1762119341412,client-22,subreddit_join
1762119341412,client-41,subreddit_join
1762119341412,client-42,subreddit_join
1762119341412,client-20,subreddit_join
1762119341412,client-43,subreddit_join
1762119341412,client-44,subreddit_join
1762119341412,client-23,subreddit_join
1762119341412,client-45,subreddit_join
1762119341412,client-46,subreddit_join
1762119341412,client-47,subreddit_join
1762119341412,client-48,subreddit_join
1762119341412,client-49,subreddit_join
1762119341412,client-24,subreddit_join
1762119341412,client-51,subreddit_join
1762119341413,client-50,subreddit_join
1762119341413,client-52,subreddit_join
1762119341413,client-53,subreddit_join
1762119341413,client-54,subreddit_join
1762119341413,client-55,subreddit_join
1762119341413,client-56,subreddit_join
1762119341413,client-57,subreddit_join
1762119341413,client-25,subreddit_join
1762119341413,client-58,subreddit_join
1762119341413,client-59,subreddit_join
1762119341413,client-60,subreddit_join
1762119341413,client-61,subreddit_join
1762119341413,client-62,subreddit_join
1762119341413,client-63,subreddit_join
1762119341413,client-3,subreddit_join
1762119341413,client-4,subreddit_join
1762119341413,client-5,subreddit_join
1762119341413,client-7,subreddit_join
1762119341413,client-6,subreddit_join
1762119341413,client-8,subreddit_join
1762119341413,client-9,subreddit_join
1762119341413,client-10,subreddit_join
1762119341413,client-11,subreddit_join
1762119341413,client-64,subreddit_join
1762119341413,client-2,subreddit_join
1762119341413,client-1,post_create
1762119341413,client-26,subreddit_join
1762119341413,client-27,subreddit_join
1762119341413,client-28,subreddit_join
1762119341413,client-29,subreddit_join
1762119341413,client-30,subreddit_join
1762119341413,client-31,subreddit_join
1762119341413,client-32,subreddit_join
1762119341413,client-33,subreddit_join
1762119341413,client-34,subreddit_join
1762119341413,client-36,subreddit_join
1762119341413,client-35,subreddit_join
1762119341413,client-37,subreddit_join
1762119341413,client-38,subreddit_join
1762119341413,client-39,subreddit_join
1762119341413,client-40,subreddit_join
1762119341413,client-41,subreddit_join
1762119341413,client-42,subreddit_join
1762119341413,client-43,subreddit_join
1762119341413,client-44,subreddit_join
1762119341413,client-45,subreddit_join
1762119341413,client-46,subreddit_join
1762119341413,client-47,subreddit_join
1762119341413,client-48,subreddit_join
1762119341413,client-49,subreddit_join
1762119341413,client-51,subreddit_join
1762119341413,client-50,subreddit_join
1762119341413,client-52,subreddit_join
1762119341413,client-53,subreddit_join
1762119341413,client-54,subreddit_join
1762119341413,client-55,subreddit_join
1762119341413,client-56,subreddit_join
1762119341413,client-57,subreddit_join
1762119341413,client-59,subreddit_join
1762119341413,client-58,subreddit_join
1762119341413,client-60,subreddit_join
1762119341413,client-61,subreddit_join
1762119341413,client-62,subreddit_join
1762119341413,client-63,subreddit_join
1762119341413,client-3,subreddit_join
1762119341413,client-4,subreddit_join
1762119341413,client-5,subreddit_join
1762119341413,client-7,subreddit_join
1762119341413,client-6,subreddit_join
1762119341414,client-8,subreddit_join
1762119341414,client-9,subreddit_join
1762119341414,client-10,subreddit_join
1762119341414,client-11,subreddit_join
1762119341414,client-64,subreddit_join
1762119341414,client-12,post_create
1762119341414,client-13,post_create
1762119341414,client-14,post_create
1762119341414,client-15,post_create
1762119341414,client-16,post_create
1762119341414,client-17,post_create
1762119341414,client-18,post_create
1762119341414,client-21,post_create
1762119341414,client-19,post_create
1762119341414,client-22,post_create
1762119341414,client-20,post_create
1762119341414,client-23,post_create
1762119341414,client-24,post_create
1762119341414,client-25,post_create
1762119341414,client-2,post_create
1762119341414,client-1,comment_create
1762119341414,client-26,post_create
1762119341414,client-27,post_create
1762119341414,client-28,post_create
1762119341414,client-29,post_create
1762119341414,client-30,post_create
1762119341414,client-31,post_create
1762119341414,client-32,post_create
1762119341414,client-33,post_create
1762119341414,client-34,post_create
1762119341414,client-36,post_create
1762119341414,client-35,post_create
1762119341414,client-37,post_create
1762119341414,client-38,post_create
1762119341414,client-39,post_create
1762119341414,client-40,post_create
1762119341414,client-41,post_create
1762119341414,client-42,post_create
1762119341414,client-43,post_create
1762119341414,client-44,post_create
1762119341414,client-45,post_create
1762119341414,client-46,post_create
1762119341414,client-47,post_create
1762119341414,client-48,post_create
1762119341414,client-49,post_create
1762119341414,client-51,post_create
1762119341414,client-50,post_create
1762119341414,client-52,post_create
1762119341414,client-53,post_create
1762119341414,client-54,post_create
1762119341414,client-55,post_create
1762119341414,client-56,post_create
1762119341414,client-57,post_create
1762119341414,client-58,post_create
1762119341414,client-59,post_create
1762119341414,client-60,post_create
1762119341414,client-61,post_create
1762119341414,client-62,post_create
1762119341414,client-63,post_create
1762119341414,client-3,post_create
1762119341415,client-4,post_create
1762119341415,client-5,post_create
1762119341415,client-7,post_create
1762119341415,client-6,post_create
1762119341415,client-8,post_create
1762119341415,client-9,post_create
1762119341415,client-10,post_create
1762119341415,client-11,post_create
1762119341415,client-64,post_create
1762119341415,client-12,comment_create
1762119341415,client-13,comment_create
1762119341415,client-14,comment_create
1762119341415,client-15,comment_create
1762119341415,client-16,comment_create
1762119341415,client-17,comment_create
1762119341415,client-18,comment_create
1762119341415,client-21,comment_create
1762119341415,client-19,comment_create
1762119341415,client-22,comment_create
1762119341415,client-20,comment_create
1762119341415,client-23,comment_create
1762119341415,client-24,comment_create
1762119341415,client-25,comment_create
1762119341415,client-2,comment_create
1762119341415,client-1,vote_up
1762119341415,client-26,comment_create
1762119341415,client-27,comment_create
1762119341415,client-28,comment_create
1762119341415,client-29,comment_create
1762119341415,client-31,comment_create
1762119341415,client-30,comment_create
1762119341415,client-32,comment_create
1762119341415,client-33,comment_create
1762119341415,client-34,comment_create
1762119341415,client-36,comment_create
1762119341415,client-35,comment_create
1762119341415,client-37,comment_create
1762119341415,client-38,comment_create
1762119341415,client-39,comment_create
1762119341415,client-40,comment_create
1762119341415,client-41,comment_create
1762119341415,client-42,comment_create
1762119341415,client-43,comment_create
1762119341415,client-44,comment_create
1762119341415,client-45,comment_create
1762119341415,client-46,comment_create
1762119341415,client-47,comment_create
1762119341415,client-48,comment_create
1762119341415,client-49,comment_create
1762119341415,client-51,comment_create
1762119341415,client-50,comment_create
1762119341415,client-52,comment_create
1762119341415,client-53,comment_create
1762119341415,client-54,comment_create
1762119341415,client-55,comment_create
1762119341415,client-56,comment_create
1762119341415,client-57,comment_create
1762119341415,client-58,comment_create
1762119341415,client-60,comment_create
1762119341415,client-59,comment_create
1762119341415,client-61,comment_create
1762119341415,client-62,comment_create
1762119341415,client-63,comment_create
1762119341415,client-3,comment_create
1762119341415,client-4,comment_create
1762119341415,client-5,comment_create
1762119341415,client-7,comment_create
1762119341415,client-6,comment_create
1762119341415,client-8,comment_create
1762119341415,client-9,comment_create
1762119341415,client-10,comment_create
1762119341415,client-11,comment_create
1762119341415,client-64,comment_create
1762119341415,client-13,vote_up
1762119341415,client-12,vote_up
1762119341415,client-14,vote_up
1762119341415,client-15,vote_up
1762119341415,client-16,vote_up
1762119341415,client-17,vote_up
1762119341415,client-18,vote_up
1762119341415,client-21,vote_up
1762119341415,client-19,vote_up
1762119341415,client-22,vote_up
1762119341415,client-20,vote_up
1762119341415,client-23,vote_up
1762119341415,client-24,vote_up
1762119341415,client-25,vote_up
1762119341415,client-2,vote_up
1762119341415,client-1,post_create
1762119341415,client-26,vote_up
1762119341415,client-27,vote_up
1762119341415,client-28,vote_up
1762119341415,client-29,vote_up
1762119341415,client-31,vote_up
1762119341415,client-30,vote_up
1762119341415,client-32,vote_up
1762119341415,client-33,vote_up
1762119341415,client-34,vote_up
1762119341415,client-36,vote_up
1762119341415,client-35,vote_up
1762119341415,client-37,vote_up
1762119341415,client-38,vote_up
1762119341415,client-40,vote_up
1762119341415,client-39,vote_up
1762119341415,client-41,vote_up
1762119341415,client-42,vote_up
1762119341415,client-43,vote_up
1762119341415,client-45,vote_up
1762119341415,client-44,vote_up
1762119341415,client-46,vote_up
1762119341415,client-48,vote_up
1762119341415,client-47,vote_up
1762119341415,client-49,vote_up
1762119341415,client-51,vote_up
1762119341415,client-50,vote_up
1762119341415,client-52,vote_up
1762119341415,client-53,vote_up
1762119341415,client-54,vote_up
1762119341415,client-55,vote_up
1762119341415,client-56,vote_up
1762119341415,client-57,vote_up
1762119341415,client-58,vote_up
1762119341415,client-60,vote_up
1762119341415,client-59,vote_up
1762119341415,client-61,vote_up
1762119341415,client-62,vote_up
1762119341415,client-63,vote_up
1762119341415,client-3,vote_up
1762119341415,client-4,vote_up
1762119341415,client-5,vote_up
1762119341415,client-7,vote_up
1762119341415,client-6,vote_up
1762119341415,client-8,vote_up
1762119341415,client-9,vote_up
1762119341415,client-10,vote_up
1762119341415,client-11,vote_up
1762119341415,client-64,vote_up
1762119341415,client-13,post_create
1762119341415,client-12,post_create
1762119341415,client-14,post_create
1762119341415,client-15,post_create
1762119341415,client-16,post_create
1762119341415,client-17,post_create
1762119341415,client-18,post_create
1762119341415,client-21,post_create
1762119341415,client-22,post_create
1762119341415,client-19,post_create
1762119341415,client-20,post_create
1762119341415,client-23,post_create
1762119341415,client-24,post_create
1762119341415,client-25,post_create
1762119341415,client-2,post_create
1762119341415,client-1,comment_create
1762119341416,client-26,post_create
1762119341416,client-28,post_create
1762119341416,client-27,post_create
1762119341416,client-29,post_create
1762119341416,client-31,post_create
1762119341416,client-30,post_create
1762119341416,client-32,post_create
1762119341416,client-33,post_create
1762119341416,client-34,post_create
1762119341416,client-36,post_create
1762119341416,client-35,post_create
1762119341416,client-37,post_create
1762119341416,client-38,post_create
1762119341416,client-40,post_create
1762119341416,client-39,post_create
1762119341416,client-41,post_create
1762119341416,client-42,post_create
1762119341416,client-43,post_create
1762119341416,client-45,post_create
1762119341416,client-44,post_create
1762119341416,client-46,post_create
1762119341416,client-48,post_create
1762119341416,client-47,post_create
1762119341416,client-49,post_create
1762119341416,client-51,post_create
1762119341416,client-50,post_create
1762119341416,client-52,post_create
1762119341416,client-53,post_create
1762119341416,client-54,post_create
1762119341416,client-55,post_create
1762119341416,client-56,post_create
1762119341416,client-57,post_create
1762119341416,client-58,post_create
1762119341416,client-60,post_create
1762119341416,client-59,post_create
1762119341416,client-61,post_create
1762119341416,client-62,post_create
1762119341416,client-63,post_create
1762119341416,client-3,post_create
1762119341416,client-4,post_create
1762119341416,client-5,post_create
1762119341416,client-7,post_create
1762119341416,client-6,post_create
1762119341416,client-8,post_create
1762119341416,client-9,post_create
1762119341416,client-10,post_create
1762119341416,client-11,post_create
1762119341416,client-64,post_create
1762119341416,client-13,comment_create
1762119341416,client-12,comment_create
1762119341416,client-14,comment_create
1762119341416,client-15,comment_create
1762119341416,client-16,comment_create
1762119341416,client-18,comment_create
1762119341416,client-17,comment_create
1762119341416,client-21,comment_create
1762119341416,client-22,comment_create
1762119341416,client-19,comment_create
1762119341416,client-20,comment_create
1762119341416,client-23,comment_create
1762119341416,client-24,comment_create
1762119341416,client-25,comment_create
1762119341416,client-2,comment_create
1762119341416,client-1,vote_up
1762119341416,client-26,comment_create
1762119341416,client-27,comment_create
1762119341416,client-28,comment_create
1762119341416,client-29,comment_create
1762119341416,client-31,comment_create
1762119341416,client-30,comment_create
1762119341416,client-32,comment_create
1762119341416,client-33,comment_create
1762119341416,client-34,comment_create
1762119341416,client-36,comment_create
1762119341416,client-35,comment_create
1762119341416,client-37,comment_create
1762119341416,client-38,comment_create
1762119341416,client-40,comment_create
1762119341416,client-39,comment_create
1762119341416,client-41,comment_create
1762119341416,client-42,comment_create
1762119341416,client-43,comment_create
1762119341416,client-45,comment_create
1762119341416,client-44,comment_create
1762119341416,client-46,comment_create
1762119341416,client-48,comment_create
1762119341416,client-47,comment_create
1762119341416,client-49,comment_create
1762119341416,client-51,comment_create
1762119341416,client-50,comment_create
1762119341416,client-52,comment_create
1762119341416,client-53,comment_create
1762119341416,client-54,comment_create
1762119341416,client-55,comment_create
1762119341416,client-56,comment_create
1762119341417,client-57,comment_create
1762119341417,client-58,comment_create
1762119341417,client-60,comment_create
1762119341417,client-59,comment_create
1762119341417,client-61,comment_create
1762119341417,client-62,comment_create
1762119341417,client-63,comment_create
1762119341417,client-3,comment_create
1762119341417,client-4,comment_create
1762119341417,client-5,comment_create
1762119341417,client-7,comment_create
1762119341417,client-6,comment_create
1762119341417,client-8,comment_create
1762119341417,client-9,comment_create
1762119341417,client-10,comment_create
1762119341417,client-11,comment_create
1762119341417,client-64,comment_create
1762119341417,client-13,vote_up
1762119341417,client-12,vote_up
1762119341417,client-14,vote_up
1762119341417,client-15,vote_up
1762119341417,client-16,vote_up
1762119341417,client-18,vote_up
1762119341417,client-17,vote_up
1762119341417,client-21,vote_up
1762119341417,client-22,vote_up
1762119341417,client-19,vote_up
1762119341417,client-20,vote_up
1762119341417,client-23,vote_up
1762119341417,client-24,vote_up
1762119341417,client-25,vote_up
1762119341417,client-2,vote_up
1762119341417,client-1,post_create
1762119341417,client-26,vote_up
1762119341417,client-27,vote_up
1762119341417,client-28,vote_up
1762119341417,client-29,vote_up
1762119341417,client-31,vote_up
1762119341417,client-30,vote_up
1762119341417,client-32,vote_up
1762119341417,client-33,vote_up
1762119341417,client-34,vote_up
1762119341417,client-36,vote_up
1762119341417,client-35,vote_up
1762119341417,client-37,vote_up
1762119341417,client-38,vote_up
1762119341417,client-40,vote_up
1762119341417,client-39,vote_up
1762119341417,client-41,vote_up
1762119341417,client-42,vote_up
1762119341417,client-43,vote_up
1762119341417,client-45,vote_up
1762119341417,client-44,vote_up
1762119341417,client-46,vote_up
1762119341417,client-48,vote_up
1762119341417,client-47,vote_up
1762119341417,client-49,vote_up
1762119341417,client-51,vote_up
1762119341417,client-50,vote_up
1762119341417,client-52,vote_up
1762119341417,client-53,vote_up
1762119341417,client-54,vote_up
1762119341417,client-55,vote_up
1762119341417,client-56,vote_up
1762119341417,client-57,vote_up
1762119341417,client-58,vote_up
1762119341417,client-60,vote_up
1762119341417,client-59,vote_up
1762119341417,client-61,vote_up
1762119341417,client-62,vote_up
1762119341417,client-63,vote_up
1762119341417,client-3,vote_up
1762119341417,client-4,vote_up
1762119341417,client-5,vote_up
1762119341417,client-7,vote_up
1762119341417,client-6,vote_up
1762119341417,client-8,vote_up
1762119341417,client-9,vote_up
1762119341417,client-10,vote_up
1762119341417,client-11,vote_up
1762119341417,client-64,vote_up
1762119341417,client-13,post_create
1762119341417,client-12,post_create
1762119341417,client-14,post_create
1762119341417,client-15,post_create
1762119341417,client-16,post_create
1762119341417,client-18,post_create
1762119341417,client-17,post_create
1762119341417,client-21,post_create
1762119341417,client-22,post_create
1762119341417,client-19,post_create
1762119341417,client-20,post_create
1762119341417,client-23,post_create
1762119341417,client-24,post_create
1762119341417,client-25,post_create
1762119341417,client-2,post_create
1762119341417,client-1,comment_create
1762119341417,client-26,post_create
1762119341417,client-27,post_create
1762119341417,client-28,post_create
1762119341417,client-29,post_create
1762119341417,client-31,post_create
1762119341417,client-30,post_create
1762119341417,client-32,post_create
1762119341417,client-33,post_create
1762119341417,client-34,post_create
1762119341417,client-36,post_create
1762119341417,client-35,post_create
1762119341417,client-37,post_create
1762119341417,client-38,post_create
1762119341417,client-40,post_create
1762119341417,client-39,post_create
1762119341417,client-41,post_create
1762119341417,client-42,post_create
1762119341417,client-43,post_create
1762119341418,client-45,post_create
1762119341418,client-44,post_create
1762119341418,client-46,post_create
1762119341418,client-47,post_create
1762119341418,client-48,post_create
1762119341418,client-49,post_create
1762119341418,client-51,post_create
1762119341418,client-50,post_create
1762119341418,client-52,post_create
1762119341418,client-53,post_create
1762119341418,client-54,post_create
1762119341418,client-55,post_create
1762119341418,client-56,post_create
1762119341418,client-57,post_create
1762119341418,client-58,post_create
1762119341418,client-60,post_create
1762119341418,client-59,post_create
1762119341418,client-61,post_create
1762119341418,client-62,post_create
1762119341418,client-63,post_create
1762119341418,client-3,post_create
1762119341418,client-4,post_create
1762119341418,client-5,post_create
1762119341418,client-7,post_create
1762119341418,client-6,post_create
1762119341418,client-8,post_create
1762119341418,client-9,post_create
1762119341418,client-10,post_create
1762119341418,client-11,post_create
1762119341418,client-64,post_create
1762119341418,client-13,comment_create
1762119341418,client-12,comment_create
1762119341418,client-14,comment_create
1762119341418,client-15,comment_create
1762119341418,client-16,comment_create
1762119341418,client-18,comment_create
1762119341418,client-17,comment_create
1762119341418,client-21,comment_create
1762119341418,client-22,comment_create
1762119341418,client-19,comment_create
1762119341418,client-20,comment_create
1762119341418,client-23,comment_create
1762119341418,client-24,comment_create
1762119341418,client-25,comment_create
1762119341418,client-2,comment_create
1762119341418,client-1,vote_up
1762119341418,client-26,comment_create
1762119341418,client-27,comment_create
1762119341418,client-28,comment_create
1762119341418,client-29,comment_create
1762119341418,client-31,comment_create
1762119341418,client-30,comment_create
1762119341418,client-32,comment_create
1762119341418,client-33,comment_create
1762119341418,client-34,comment_create
1762119341418,client-36,comment_create
1762119341418,client-35,comment_create
1762119341418,client-37,comment_create
1762119341418,client-38,comment_create
1762119341418,client-40,comment_create
1762119341418,client-39,comment_create
1762119341418,client-41,comment_create
1762119341418,client-42,comment_create
1762119341418,client-43,comment_create
1762119341418,client-45,comment_create
1762119341418,client-44,comment_create
1762119341418,client-46,comment_create
1762119341418,client-47,comment_create
1762119341418,client-48,comment_create
1762119341418,client-49,comment_create
1762119341418,client-51,comment_create
1762119341418,client-50,comment_create
1762119341418,client-52,comment_create
1762119341418,client-53,comment_create
1762119341418,client-54,comment_create
1762119341418,client-55,comment_create
1762119341418,client-56,comment_create
1762119341418,client-57,comment_create
1762119341418,client-58,comment_create
1762119341418,client-60,comment_create
1762119341418,client-59,comment_create
1762119341418,client-61,comment_create
1762119341418,client-62,comment_create
1762119341418,client-63,comment_create
1762119341418,client-3,comment_create
1762119341418,client-4,comment_create
1762119341418,client-5,comment_create
1762119341418,client-7,comment_create
1762119341418,client-6,comment_create
1762119341418,client-8,comment_create
1762119341418,client-9,comment_create
1762119341418,client-10,comment_create
1762119341418,client-11,comment_create
1762119341418,client-64,comment_create
1762119341418,client-13,vote_up
1762119341418,client-12,vote_up
1762119341418,client-14,vote_up
1762119341418,client-15,vote_up
1762119341418,client-16,vote_up
1762119341418,client-18,vote_up
1762119341418,client-17,vote_up
1762119341418,client-21,vote_up
1762119341418,client-22,vote_up
1762119341418,client-19,vote_up
1762119341418,client-20,vote_up
1762119341418,client-23,vote_up
1762119341418,client-24,vote_up
1762119341418,client-25,vote_up
1762119341418,client-2,vote_up
1762119341418,client-1,post_create
1762119341418,client-26,vote_up
1762119341418,client-27,vote_up
1762119341418,client-28,vote_up
1762119341418,client-29,vote_up
1762119341418,client-31,vote_up
1762119341418,client-30,vote_up
1762119341418,client-34,vote_up
1762119341418,client-32,vote_up
1762119341418,client-33,vote_up
1762119341418,client-36,vote_up
1762119341418,client-35,vote_up
1762119341418,client-37,vote_up
1762119341418,client-38,vote_up
1762119341418,client-40,vote_up
1762119341418,client-39,vote_up
1762119341418,client-41,vote_up
1762119341418,client-42,vote_up
1762119341418,client-43,vote_up
1762119341418,client-45,vote_up
1762119341418,client-44,vote_up
1762119341418,client-46,vote_up
1762119341418,client-47,vote_up
1762119341418,client-48,vote_up
1762119341418,client-49,vote_up
1762119341418,client-51,vote_up
1762119341418,client-50,vote_up
1762119341418,client-52,vote_up
1762119341418,client-53,vote_up
1762119341418,client-54,vote_up
1762119341418,client-55,vote_up
1762119341418,client-56,vote_up
1762119341418,client-57,vote_up
1762119341418,client-58,vote_up
1762119341418,client-60,vote_up
1762119341418,client-59,vote_up
1762119341419,client-61,vote_up
1762119341419,client-62,vote_up
1762119341419,client-63,vote_up
1762119341419,client-3,vote_up
1762119341419,client-4,vote_up
1762119341419,client-5,vote_up
1762119341419,client-7,vote_up
1762119341419,client-6,vote_up
1762119341419,client-8,vote_up
1762119341419,client-9,vote_up
1762119341419,client-10,vote_up
1762119341419,client-11,vote_up
1762119341419,client-64,vote_up
1762119341419,client-13,post_create
1762119341419,client-12,post_create
1762119341419,client-14,post_create
1762119341419,client-15,post_create
1762119341419,client-16,post_create
1762119341419,client-18,post_create
1762119341419,client-17,post_create
1762119341419,client-21,post_create
1762119341419,client-22,post_create
1762119341419,client-19,post_create
1762119341419,client-20,post_create
1762119341419,client-23,post_create
1762119341419,client-24,post_create
1762119341419,client-25,post_create
1762119341419,client-2,post_create
1762119341419,client-1,comment_create
1762119341419,client-26,post_create
1762119341419,client-27,post_create
1762119341419,client-28,post_create
1762119341419,client-29,post_create
1762119341419,client-31,post_create
1762119341419,client-30,post_create
1762119341419,client-34,post_create
1762119341419,client-32,post_create
1762119341419,client-33,post_create
1762119341419,client-36,post_create
1762119341419,client-35,post_create
1762119341419,client-37,post_create
1762119341419,client-38,post_create
1762119341419,client-40,post_create
1762119341419,client-39,post_create
1762119341419,client-41,post_create
1762119341419,client-42,post_create
1762119341419,client-43,post_create
1762119341419,client-45,post_create
1762119341419,client-44,post_create
1762119341419,client-46,post_create
1762119341419,client-47,post_create
1762119341419,client-48,post_create
1762119341419,client-49,post_create
1762119341419,client-51,post_create
1762119341419,client-50,post_create
1762119341419,client-52,post_create
1762119341419,client-53,post_create
1762119341419,client-54,post_create
1762119341419,client-55,post_create
1762119341419,client-56,post_create
1762119341419,client-57,post_create
1762119341419,client-58,post_create
1762119341419,client-60,post_create
1762119341419,client-59,post_create
1762119341419,client-61,post_create
1762119341419,client-62,post_create
1762119341419,client-63,post_create
1762119341419,client-4,post_create
1762119341420,client-3,post_create
1762119341420,client-5,post_create
1762119341420,client-7,post_create
1762119341420,client-8,post_create
1762119341420,client-6,post_create
1762119341420,client-9,post_create
1762119341420,client-10,post_create
1762119341420,client-11,post_create
1762119341420,client-64,post_create
1762119341420,client-13,comment_create
1762119341420,client-12,comment_create
1762119341420,client-14,comment_create
1762119341420,client-15,comment_create
1762119341420,client-16,comment_create
1762119341420,client-18,comment_create
1762119341420,client-17,comment_create
1762119341420,client-21,comment_create
1762119341420,client-22,comment_create
1762119341420,client-19,comment_create
1762119341420,client-20,comment_create
1762119341420,client-23,comment_create
1762119341420,client-24,comment_create
1762119341420,client-25,comment_create
1762119341420,client-2,comment_create
1762119341420,client-1,vote_up
1762119341420,client-26,comment_create
1762119341420,client-27,comment_create
1762119341420,client-28,comment_create
1762119341420,client-29,comment_create
1762119341420,client-31,comment_create
1762119341420,client-30,comment_create
1762119341420,client-34,comment_create
1762119341420,client-32,comment_create
1762119341420,client-33,comment_create
1762119341420,client-36,comment_create
1762119341420,client-35,comment_create
1762119341420,client-37,comment_create
1762119341420,client-38,comment_create
1762119341420,client-40,comment_create
1762119341420,client-39,comment_create
1762119341420,client-41,comment_create
1762119341420,client-42,comment_create
1762119341420,client-43,comment_create
1762119341420,client-45,comment_create
1762119341420,client-44,comment_create
1762119341420,client-46,comment_create
1762119341420,client-47,comment_create
1762119341420,client-48,comment_create
1762119341420,client-49,comment_create
1762119341420,client-51,comment_create
1762119341420,client-50,comment_create
1762119341420,client-52,comment_create
1762119341420,client-53,comment_create
1762119341420,client-54,comment_create
1762119341420,client-55,comment_create
1762119341420,client-56,comment_create
1762119341420,client-57,comment_create
1762119341420,client-58,comment_create
1762119341420,client-60,comment_create
1762119341420,client-59,comment_create
1762119341420,client-61,comment_create
1762119341420,client-62,comment_create
1762119341420,client-63,comment_create
1762119341420,client-4,comment_create
1762119341420,client-3,comment_create
1762119341420,client-5,comment_create
1762119341420,client-7,comment_create
1762119341420,client-8,comment_create
1762119341420,client-6,comment_create
1762119341420,client-9,comment_create
1762119341420,client-10,comment_create
1762119341420,client-11,comment_create
1762119341420,client-64,comment_create
1762119341420,client-13,vote_up
1762119341420,client-12,vote_up
1762119341420,client-14,vote_up
1762119341420,client-15,vote_up
1762119341420,client-16,vote_up
1762119341420,client-18,vote_up
1762119341420,client-17,vote_up
1762119341420,client-21,vote_up
1762119341420,client-22,vote_up
1762119341420,client-19,vote_up
1762119341420,client-20,vote_up
1762119341420,client-24,vote_up
1762119341420,client-23,vote_up
1762119341420,client-25,vote_up
1762119341420,client-2,vote_up
1762119341420,client-1,post_create
1762119341420,client-26,vote_up
1762119341420,client-27,vote_up
1762119341420,client-28,vote_up
1762119341420,client-31,vote_up
1762119341420,client-29,vote_up
1762119341420,client-34,vote_up
1762119341420,client-30,vote_up
1762119341420,client-32,vote_up
1762119341420,client-33,vote_up
1762119341420,client-36,vote_up
1762119341420,client-35,vote_up
1762119341420,client-37,vote_up
1762119341420,client-38,vote_up
1762119341420,client-40,vote_up
1762119341420,client-39,vote_up
1762119341420,client-41,vote_up
1762119341420,client-42,vote_up
1762119341420,client-43,vote_up
1762119341420,client-45,vote_up
1762119341420,client-44,vote_up
1762119341420,client-46,vote_up
1762119341420,client-47,vote_up
1762119341420,client-48,vote_up
1762119341420,client-49,vote_up
1762119341420,client-51,vote_up
1762119341420,client-50,vote_up
1762119341420,client-52,vote_up
1762119341420,client-53,vote_up
1762119341420,client-54,vote_up
1762119341420,client-55,vote_up
1762119341420,client-56,vote_up
1762119341420,client-57,vote_up
1762119341420,client-58,vote_up
1762119341420,client-60,vote_up
1762119341420,client-59,vote_up
1762119341420,client-61,vote_up
1762119341420,client-62,vote_up
1762119341420,client-63,vote_up
1762119341420,client-4,vote_up
1762119341420,client-3,vote_up
1762119341420,client-5,vote_up
1762119341420,client-7,vote_up
1762119341420,client-8,vote_up
1762119341420,client-6,vote_up
1762119341420,client-9,vote_up
1762119341420,client-10,vote_up
1762119341420,client-11,vote_up
1762119341420,client-64,vote_up
1762119341420,client-13,post_create
1762119341420,client-12,post_create
1762119341420,client-14,post_create
1762119341420,client-15,post_create
1762119341420,client-16,post_create
1762119341420,client-18,post_create
1762119341420,client-17,post_create
1762119341420,client-21,post_create
1762119341420,client-22,post_create
1762119341420,client-19,post_create
1762119341420,client-20,post_create
1762119341420,client-24,post_create
1762119341420,client-23,post_create
1762119341420,client-25,post_create
1762119341420,client-2,post_create
1762119341420,client-1,comment_create
1762119341420,client-26,post_create
1762119341420,client-27,post_create
1762119341421,client-28,post_create
1762119341421,client-31,post_create
1762119341421,client-29,post_create
1762119341421,client-34,post_create
1762119341421,client-30,post_create
1762119341421,client-32,post_create
1762119341421,client-33,post_create
1762119341421,client-36,post_create
1762119341421,client-35,post_create
1762119341421,client-37,post_create
1762119341421,client-38,post_create
1762119341421,client-40,post_create
1762119341421,client-39,post_create
1762119341421,client-41,post_create
1762119341421,client-42,post_create
1762119341421,client-43,post_create
1762119341421,client-45,post_create
1762119341421,client-44,post_create
1762119341421,client-46,post_create
1762119341421,client-47,post_create
1762119341421,client-48,post_create
1762119341421,client-49,post_create
1762119341421,client-51,post_create
1762119341421,client-50,post_create
1762119341421,client-52,post_create
1762119341421,client-53,post_create
1762119341421,client-54,post_create
1762119341421,client-55,post_create
1762119341421,client-56,post_create
1762119341421,client-57,post_create
1762119341421,client-58,post_create
1762119341421,client-60,post_create
1762119341421,client-59,post_create
1762119341421,client-61,post_create
1762119341421,client-62,post_create
1762119341421,client-63,post_create
1762119341421,client-4,post_create
1762119341421,client-3,post_create
1762119341421,client-5,post_create
1762119341421,client-7,post_create
1762119341421,client-8,post_create
1762119341421,client-6,post_create
1762119341421,client-9,post_create
1762119341421,client-10,post_create
1762119341421,client-11,post_create
1762119341421,client-64,post_create
1762119341421,client-13,comment_create
1762119341421,client-12,comment_create
1762119341421,client-14,comment_create
1762119341421,client-15,comment_create
1762119341421,client-16,comment_create
1762119341421,client-18,comment_create
1762119341421,client-17,comment_create
1762119341421,client-21,comment_create
1762119341421,client-22,comment_create
1762119341421,client-19,comment_create
1762119341421,client-20,comment_create
1762119341421,client-24,comment_create
1762119341421,client-23,comment_create
1762119341421,client-25,comment_create
1762119341421,client-2,comment_create
1762119341421,client-1,vote_up
1762119341421,client-26,comment_create
1762119341421,client-27,comment_create
1762119341421,client-28,comment_create
1762119341421,client-31,comment_create
1762119341421,client-29,comment_create
1762119341421,client-34,comment_create
1762119341421,client-30,comment_create
1762119341421,client-32,comment_create
1762119341421,client-33,comment_create
1762119341421,client-36,comment_create
1762119341421,client-35,comment_create
1762119341421,client-37,comment_create
1762119341421,client-38,comment_create
1762119341421,client-40,comment_create
1762119341421,client-39,comment_create
1762119341421,client-41,comment_create
1762119341421,client-42,comment_create
1762119341421,client-43,comment_create
1762119341421,client-45,comment_create
1762119341422,client-44,comment_create
1762119341422,client-46,comment_create
1762119341422,client-47,comment_create
1762119341422,client-48,comment_create
1762119341422,client-49,comment_create
1762119341422,client-51,comment_create
1762119341422,client-50,comment_create
1762119341422,client-52,comment_create
1762119341422,client-53,comment_create
1762119341422,client-54,comment_create
1762119341422,client-55,comment_create
1762119341422,client-56,comment_create
1762119341422,client-57,comment_create
1762119341422,client-58,comment_create
1762119341422,client-60,comment_create
1762119341422,client-59,comment_create
1762119341422,client-61,comment_create
1762119341422,client-62,comment_create
1762119341422,client-63,comment_create
1762119341422,client-4,comment_create
1762119341422,client-3,comment_create
1762119341422,client-5,comment_create
1762119341422,client-7,comment_create
1762119341422,client-8,comment_create
1762119341422,client-6,comment_create
1762119341422,client-9,comment_create
1762119341422,client-10,comment_create
1762119341422,client-11,comment_create
1762119341422,client-64,comment_create
1762119341422,client-13,vote_up
1762119341422,client-12,vote_up
1762119341422,client-14,vote_up
1762119341422,client-15,vote_up
1762119341422,client-16,vote_up
1762119341422,client-18,vote_up
1762119341422,client-17,vote_up
1762119341422,client-21,vote_up
1762119341422,client-19,vote_up
1762119341422,client-22,vote_up
1762119341422,client-20,vote_up
1762119341422,client-24,vote_up
1762119341422,client-25,vote_up
1762119341422,client-23,vote_up
1762119341422,client-2,vote_up
1762119341422,client-1,post_create
1762119341422,client-26,vote_up
1762119341422,client-27,vote_up
1762119341422,client-28,vote_up
1762119341422,client-31,vote_up
1762119341422,client-29,vote_up
1762119341422,client-34,vote_up
1762119341422,client-30,vote_up
1762119341422,client-32,vote_up
1762119341422,client-33,vote_up
1762119341422,client-36,vote_up
1762119341422,client-35,vote_up
1762119341422,client-37,vote_up
1762119341422,client-38,vote_up
1762119341422,client-40,vote_up
1762119341422,client-39,vote_up
1762119341422,client-41,vote_up
1762119341422,client-42,vote_up
1762119341422,client-43,vote_up
1762119341422,client-45,vote_up
1762119341422,client-44,vote_up
1762119341422,client-46,vote_up
1762119341422,client-47,vote_up
1762119341422,client-48,vote_up
1762119341422,client-49,vote_up
1762119341422,client-51,vote_up
1762119341422,client-50,vote_up
1762119341422,client-52,vote_up
1762119341422,client-53,vote_up
1762119341422,client-54,vote_up
1762119341422,client-55,vote_up
1762119341422,client-56,vote_up
1762119341422,client-57,vote_up
1762119341422,client-58,vote_up
1762119341422,client-60,vote_up
1762119341422,client-59,vote_up
1762119341422,client-61,vote_up
1762119341422,client-62,vote_up
1762119341422,client-63,vote_up
1762119341422,client-4,vote_up
1762119341422,client-3,vote_up
1762119341422,client-5,vote_up
1762119341422,client-7,vote_up
1762119341422,client-8,vote_up
1762119341422,client-6,vote_up
1762119341422,client-9,vote_up
1762119341422,client-10,vote_up
1762119341422,client-11,vote_up
1762119341422,client-64,vote_up
1762119341422,client-13,post_create
1762119341422,client-12,post_create
1762119341422,client-14,post_create
1762119341422,client-15,post_create
1762119341422,client-16,post_create
1762119341422,client-18,post_create
1762119341422,client-17,post_create
1762119341422,client-21,post_create
1762119341422,client-19,post_create
1762119341422,client-22,post_create
1762119341422,client-20,post_create
1762119341422,client-24,post_create
1762119341422,client-25,post_create
1762119341422,client-23,post_create
1762119341422,client-2,post_create
1762119341422,client-1,comment_create
1762119341422,client-26,post_create
1762119341422,client-27,post_create
1762119341422,client-28,post_create
1762119341422,client-31,post_create
1762119341422,client-29,post_create
1762119341422,client-34,post_create
1762119341422,client-30,post_create
1762119341422,client-32,post_create
1762119341422,client-33,post_create
1762119341422,client-36,post_create
1762119341422,client-35,post_create
1762119341422,client-37,post_create
1762119341422,client-38,post_create
1762119341422,client-40,post_create
1762119341422,client-39,post_create
1762119341423,client-41,post_create
1762119341423,client-42,post_create
1762119341423,client-43,post_create
1762119341423,client-45,post_create
1762119341423,client-44,post_create
1762119341423,client-46,post_create
1762119341423,client-47,post_create
1762119341423,client-48,post_create
1762119341423,client-49,post_create
1762119341423,client-51,post_create
1762119341423,client-50,post_create
1762119341423,client-52,post_create
1762119341423,client-53,post_create
1762119341423,client-54,post_create
1762119341423,client-55,post_create
1762119341423,client-56,post_create
1762119341423,client-57,post_create
1762119341423,client-58,post_create
1762119341423,client-60,post_create
1762119341423,client-59,post_create
1762119341423,client-61,post_create
1762119341423,client-62,post_create
1762119341423,client-4,post_create
1762119341423,client-63,post_create
1762119341423,client-3,post_create
1762119341423,client-5,post_create
1762119341423,client-7,post_create
1762119341423,client-8,post_create
1762119341423,client-6,post_create
1762119341423,client-9,post_create
1762119341423,client-10,post_create
1762119341423,client-11,post_create
1762119341423,client-64,post_create
1762119341423,client-13,comment_create
1762119341423,client-12,comment_create
1762119341423,client-14,comment_create
1762119341423,client-15,comment_create
1762119341423,client-16,comment_create
1762119341423,client-18,comment_create
1762119341423,client-17,comment_create
1762119341423,client-21,comment_create
1762119341423,client-19,comment_create
1762119341423,client-22,comment_create
1762119341423,client-20,comment_create
1762119341423,client-24,comment_create
1762119341423,client-23,comment_create
1762119341423,client-2,comment_create
1762119341423,client-25,comment_create
1762119341423,client-1,vote_up
1762119341423,client-26,comment_create
1762119341423,client-27,comment_create
1762119341423,client-28,comment_create
1762119341423,client-31,comment_create
1762119341423,client-29,comment_create
1762119341423,client-34,comment_create
1762119341423,client-30,comment_create
1762119341423,client-32,comment_create
1762119341423,client-33,comment_create
1762119341423,client-36,comment_create
1762119341423,client-35,comment_create
1762119341423,client-38,comment_create
1762119341423,client-37,comment_create
1762119341423,client-40,comment_create
1762119341423,client-39,comment_create
1762119341423,client-41,comment_create
1762119341423,client-42,comment_create
1762119341423,client-43,comment_create
1762119341423,client-45,comment_create
1762119341423,client-44,comment_create
1762119341423,client-46,comment_create
1762119341423,client-47,comment_create
1762119341423,client-48,comment_create
1762119341423,client-49,comment_create
1762119341423,client-51,comment_create
1762119341423,client-50,comment_create
1762119341423,client-52,comment_create
1762119341423,client-53,comment_create
1762119341423,client-54,comment_create
1762119341423,client-55,comment_create
1762119341423,client-56,comment_create
1762119341423,client-57,comment_create
1762119341423,client-58,comment_create
1762119341423,client-60,comment_create
1762119341423,client-59,comment_create
1762119341423,client-61,comment_create
1762119341423,client-62,comment_create
1762119341423,client-4,comment_create
1762119341423,client-63,comment_create
1762119341423,client-3,comment_create
1762119341423,client-5,comment_create
1762119341423,client-7,comment_create
1762119341423,client-8,comment_create
1762119341423,client-6,comment_create
1762119341423,client-9,comment_create
1762119341423,client-10,comment_create
1762119341423,client-11,comment_create
1762119341423,client-64,comment_create
1762119341423,client-13,vote_up
1762119341423,client-12,vote_up
1762119341423,client-14,vote_up
1762119341423,client-15,vote_up
1762119341423,client-16,vote_up
1762119341423,client-18,vote_up
1762119341423,client-17,vote_up
1762119341423,client-21,vote_up
1762119341423,client-19,vote_up
1762119341423,client-22,vote_up
1762119341423,client-20,vote_up
1762119341423,client-24,vote_up
1762119341424,client-23,vote_up
1762119341424,client-2,vote_up
1762119341424,client-25,vote_up
1762119341424,client-1,post_create
1762119341424,client-26,vote_up
1762119341424,client-27,vote_up
1762119341424,client-28,vote_up
1762119341424,client-31,vote_up
1762119341424,client-29,vote_up
1762119341424,client-34,vote_up
1762119341424,client-30,vote_up
1762119341424,client-32,vote_up
1762119341424,client-33,vote_up
1762119341424,client-36,vote_up
1762119341424,client-35,vote_up
1762119341424,client-38,vote_up
1762119341424,client-37,vote_up
1762119341424,client-40,vote_up
1762119341424,client-39,vote_up
1762119341424,client-41,vote_up
1762119341424,client-42,vote_up
1762119341424,client-43,vote_up
1762119341424,client-45,vote_up
1762119341424,client-44,vote_up
1762119341424,client-46,vote_up
1762119341424,client-47,vote_up
1762119341424,client-48,vote_up
1762119341424,client-49,vote_up
1762119341424,client-51,vote_up
1762119341424,client-50,vote_up
1762119341424,client-52,vote_up
1762119341424,client-53,vote_up
1762119341424,client-54,vote_up
1762119341424,client-55,vote_up
1762119341424,client-56,vote_up
1762119341424,client-57,vote_up
1762119341424,client-58,vote_up
1762119341424,client-60,vote_up
1762119341424,client-59,vote_up
1762119341424,client-61,vote_up
1762119341424,client-62,vote_up
1762119341424,client-4,vote_up
1762119341424,client-63,vote_up
1762119341424,client-3,vote_up
1762119341424,client-5,vote_up
1762119341424,client-7,vote_up
1762119341424,client-8,vote_up
1762119341424,client-6,vote_up
1762119341424,client-9,vote_up
1762119341424,client-10,vote_up
1762119341424,client-11,vote_up
1762119341424,client-64,vote_up
1762119341424,client-13,post_create
1762119341424,client-12,post_create
1762119341424,client-14,post_create
1762119341424,client-15,post_create
1762119341424,client-16,post_create
1762119341424,client-18,post_create
1762119341424,client-17,post_create
1762119341424,client-21,post_create
1762119341424,client-19,post_create
1762119341424,client-22,post_create
1762119341424,client-20,post_create
1762119341424,client-24,post_create
1762119341424,client-23,post_create
1762119341424,client-2,post_create
1762119341424,client-25,post_create
1762119341424,client-1,comment_create
1762119341424,client-26,post_create
1762119341424,client-27,post_create
1762119341424,client-28,post_create
1762119341424,client-31,post_create
1762119341424,client-29,post_create
1762119341424,client-34,post_create
1762119341424,client-30,post_create
1762119341424,client-32,post_create
1762119341424,client-33,post_create
1762119341424,client-36,post_create
1762119341424,client-35,post_create
1762119341424,client-38,post_create
1762119341424,client-37,post_create
1762119341424,client-40,post_create
1762119341424,client-39,post_create
1762119341424,client-41,post_create
1762119341424,client-42,post_create
1762119341424,client-43,post_create
1762119341424,client-45,post_create
1762119341424,client-44,post_create
1762119341424,client-46,post_create
1762119341424,client-47,post_create
1762119341425,client-48,post_create
1762119341425,client-49,post_create
1762119341425,client-51,post_create
1762119341425,client-50,post_create
1762119341425,client-52,post_create
1762119341425,client-53,post_create
1762119341425,client-54,post_create
1762119341425,client-55,post_create
1762119341425,client-56,post_create
1762119341425,client-57,post_create
1762119341425,client-58,post_create
1762119341425,client-60,post_create
1762119341425,client-59,post_create
1762119341425,client-61,post_create
1762119341425,client-62,post_create
1762119341425,client-4,post_create
1762119341425,client-63,post_create
1762119341425,client-3,post_create
1762119341425,client-5,post_create
1762119341425,client-7,post_create
1762119341425,client-8,post_create
1762119341425,client-6,post_create
1762119341425,client-9,post_create
1762119341425,client-10,post_create
1762119341425,client-11,post_create
1762119341425,client-64,post_create
1762119341425,client-13,comment_create
1762119341425,client-12,comment_create
1762119341425,client-14,comment_create
1762119341425,client-15,comment_create
1762119341425,client-16,comment_create
1762119341425,client-18,comment_create
1762119341425,client-17,comment_create
1762119341425,client-21,comment_create
1762119341425,client-19,comment_create
1762119341425,client-22,comment_create
1762119341425,client-20,comment_create
1762119341425,client-24,comment_create
1762119341425,client-23,comment_create
1762119341425,client-2,comment_create
1762119341425,client-25,comment_create
1762119341425,client-1,vote_up
1762119341425,client-26,comment_create
1762119341425,client-27,comment_create
1762119341425,client-28,comment_create
1762119341425,client-31,comment_create
1762119341425,client-29,comment_create
1762119341425,client-34,comment_create
1762119341425,client-30,comment_create
1762119341425,client-32,comment_create
1762119341425,client-33,comment_create
1762119341425,client-36,comment_create
1762119341425,client-35,comment_create
1762119341425,client-38,comment_create
1762119341425,client-37,comment_create
1762119341425,client-40,comment_create
1762119341425,client-39,comment_create
1762119341425,client-41,comment_create
1762119341425,client-42,comment_create
1762119341425,client-43,comment_create
1762119341425,client-45,comment_create
1762119341425,client-44,comment_create
1762119341425,client-46,comment_create
1762119341425,client-47,comment_create
1762119341425,client-48,comment_create
1762119341425,client-49,comment_create
1762119341425,client-51,comment_create
1762119341425,client-50,comment_create
1762119341425,client-52,comment_create
1762119341425,client-53,comment_create
1762119341425,client-54,comment_create
1762119341425,client-55,comment_create
1762119341425,client-56,comment_create
1762119341425,client-57,comment_create
1762119341425,client-58,comment_create
1762119341425,client-60,comment_create
1762119341425,client-59,comment_create
1762119341425,client-61,comment_create
1762119341425,client-62,comment_create
1762119341425,client-4,comment_create
1762119341425,client-63,comment_create
1762119341425,client-3,comment_create
1762119341425,client-5,comment_create
1762119341425,client-7,comment_create
1762119341425,client-8,comment_create
1762119341425,client-6,comment_create
1762119341425,client-9,comment_create
1762119341425,client-10,comment_create
1762119341425,client-11,comment_create
1762119341425,client-64,comment_create
1762119341425,client-13,vote_up
1762119341425,client-12,vote_up
1762119341425,client-14,vote_up
1762119341425,client-15,vote_up
1762119341425,client-16,vote_up
1762119341425,client-18,vote_up
1762119341425,client-17,vote_up
1762119341425,client-21,vote_up
1762119341425,client-19,vote_up
1762119341425,client-22,vote_up
1762119341425,client-20,vote_up
1762119341425,client-24,vote_up
1762119341425,client-23,vote_up
1762119341425,client-25,vote_up
1762119341425,client-2,vote_up
1762119341425,client-1,post_create
1762119341425,client-26,vote_up
1762119341425,client-27,vote_up
1762119341425,client-28,vote_up
1762119341425,client-31,vote_up
1762119341425,client-29,vote_up
1762119341425,client-34,vote_up
1762119341425,client-30,vote_up
1762119341425,client-32,vote_up
1762119341425,client-33,vote_up
1762119341425,client-36,vote_up
1762119341425,client-35,vote_up
1762119341425,client-38,vote_up
1762119341425,client-37,vote_up
1762119341425,client-40,vote_up
1762119341425,client-39,vote_up
1762119341425,client-41,vote_up
1762119341425,client-42,vote_up
1762119341425,client-43,vote_up
1762119341425,client-45,vote_up
1762119341425,client-44,vote_up
1762119341425,client-47,vote_up
1762119341425,client-46,vote_up
1762119341425,client-48,vote_up
1762119341425,client-49,vote_up
1762119341425,client-51,vote_up
1762119341425,client-50,vote_up
1762119341425,client-52,vote_up
1762119341425,client-53,vote_up
1762119341425,client-54,vote_up
1762119341425,client-55,vote_up
1762119341425,client-56,vote_up
1762119341425,client-57,vote_up
1762119341425,client-58,vote_up
1762119341425,client-60,vote_up
1762119341425,client-59,vote_up
1762119341425,client-61,vote_up
1762119341425,client-62,vote_up
1762119341425,client-4,vote_up
1762119341425,client-63,vote_up
1762119341425,client-3,vote_up
1762119341425,client-5,vote_up
1762119341426,client-7,vote_up
1762119341426,client-8,vote_up
1762119341426,client-6,vote_up
1762119341426,client-9,vote_up
1762119341426,client-10,vote_up
1762119341426,client-11,vote_up
1762119341426,client-64,vote_up
1762119341426,client-13,post_create
1762119341426,client-12,post_create
1762119341426,client-14,post_create
1762119341426,client-15,post_create
1762119341426,client-16,post_create
1762119341426,client-18,post_create
1762119341426,client-17,post_create
1762119341426,client-21,post_create
1762119341426,client-19,post_create
1762119341426,client-22,post_create
1762119341426,client-20,post_create
1762119341426,client-24,post_create
1762119341426,client-23,post_create
1762119341426,client-25,post_create
1762119341426,client-2,post_create
1762119341426,client-1,comment_create
1762119341426,client-26,post_create
1762119341426,client-27,post_create
1762119341426,client-28,post_create
1762119341426,client-31,post_create
1762119341426,client-29,post_create
1762119341426,client-34,post_create
1762119341426,client-30,post_create
1762119341426,client-32,post_create
1762119341426,client-33,post_create
1762119341426,client-36,post_create
1762119341426,client-35,post_create
1762119341426,client-38,post_create
1762119341426,client-37,post_create
1762119341426,client-40,post_create
1762119341426,client-39,post_create
1762119341426,client-41,post_create
1762119341426,client-42,post_create
1762119341426,client-43,post_create
1762119341426,client-45,post_create
1762119341426,client-44,post_create
1762119341426,client-47,post_create
1762119341426,client-46,post_create
1762119341426,client-48,post_create
1762119341426,client-49,post_create
1762119341426,client-51,post_create
1762119341426,client-50,post_create
1762119341426,client-52,post_create
1762119341426,client-53,post_create
1762119341426,client-54,post_create
1762119341426,client-55,post_create
1762119341426,client-56,post_create
1762119341426,client-57,post_create
1762119341426,client-58,post_create
1762119341426,client-60,post_create
1762119341427,client-59,post_create
1762119341427,client-61,post_create
1762119341427,client-62,post_create
1762119341427,client-4,post_create
1762119341427,client-63,post_create
1762119341427,client-3,post_create
1762119341427,client-5,post_create
1762119341427,client-7,post_create
1762119341427,client-8,post_create
1762119341427,client-6,post_create
1762119341427,client-9,post_create
1762119341427,client-10,post_create
1762119341427,client-11,post_create
1762119341427,client-64,post_create
1762119341427,client-13,comment_create
1762119341427,client-12,comment_create
1762119341427,client-14,comment_create
1762119341427,client-15,comment_create
1762119341427,client-16,comment_create
1762119341427,client-18,comment_create
1762119341427,client-17,comment_create
1762119341427,client-21,comment_create
1762119341427,client-19,comment_create
1762119341427,client-22,comment_create
1762119341427,client-20,comment_create
1762119341427,client-24,comment_create
1762119341427,client-23,comment_create
1762119341427,client-25,comment_create
1762119341427,client-2,comment_create
1762119341427,client-1,vote_up
1762119341427,client-26,comment_create
1762119341427,client-27,comment_create
1762119341427,client-28,comment_create
1762119341427,client-31,comment_create
1762119341427,client-29,comment_create
1762119341427,client-34,comment_create
1762119341427,client-30,comment_create
1762119341427,client-32,comment_create
1762119341427,client-33,comment_create
1762119341427,client-36,comment_create
1762119341427,client-35,comment_create
1762119341427,client-38,comment_create
1762119341427,client-37,comment_create
1762119341427,client-40,comment_create
1762119341427,client-39,comment_create
1762119341427,client-41,comment_create
1762119341427,client-42,comment_create
1762119341427,client-43,comment_create
1762119341427,client-45,comment_create
1762119341427,client-44,comment_create
1762119341427,client-47,comment_create
1762119341427,client-46,comment_create
1762119341427,client-48,comment_create
1762119341427,client-49,comment_create
1762119341427,client-51,comment_create
1762119341427,client-50,comment_create
1762119341427,client-52,comment_create
1762119341427,client-53,comment_create
1762119341427,client-54,comment_create
1762119341427,client-55,comment_create
1762119341427,client-56,comment_create
1762119341427,client-57,comment_create
1762119341427,client-58,comment_create
1762119341427,client-60,comment_create
1762119341427,client-59,comment_create
1762119341427,client-61,comment_create
1762119341427,client-62,comment_create
1762119341427,client-4,comment_create
1762119341427,client-63,comment_create
1762119341427,client-3,comment_create
1762119341427,client-5,comment_create
1762119341427,client-7,comment_create
1762119341427,client-8,comment_create
1762119341427,client-6,comment_create
1762119341427,client-9,comment_create
1762119341427,client-10,comment_create
1762119341427,client-11,comment_create
1762119341427,client-64,comment_create
1762119341427,client-13,vote_up
1762119341427,client-12,vote_up
1762119341427,client-14,vote_up
1762119341427,client-15,vote_up
1762119341427,client-16,vote_up
1762119341427,client-18,vote_up
1762119341427,client-17,vote_up
1762119341427,client-21,vote_up
1762119341427,client-19,vote_up
1762119341427,client-22,vote_up
1762119341427,client-20,vote_up
1762119341427,client-24,vote_up
1762119341427,client-23,vote_up
1762119341427,client-25,vote_up
1762119341427,client-2,vote_up
1762119341427,client-1,post_create
1762119341427,client-26,vote_up
1762119341427,client-27,vote_up
1762119341427,client-28,vote_up
1762119341427,client-31,vote_up
1762119341427,client-29,vote_up
1762119341427,client-34,vote_up
1762119341427,client-30,vote_up
1762119341427,client-32,vote_up
1762119341427,client-33,vote_up
1762119341427,client-36,vote_up
1762119341427,client-35,vote_up
1762119341427,client-38,vote_up
1762119341427,client-37,vote_up
1762119341427,client-40,vote_up
1762119341427,client-39,vote_up
1762119341427,client-41,vote_up
1762119341427,client-42,vote_up
1762119341427,client-43,vote_up
1762119341427,client-45,vote_up
1762119341427,client-44,vote_up
1762119341427,client-47,vote_up
1762119341427,client-46,vote_up
1762119341427,client-48,vote_up
1762119341427,client-49,vote_up
1762119341427,client-51,vote_up
1762119341427,client-50,vote_up
1762119341427,client-52,vote_up
1762119341427,client-53,vote_up
1762119341427,client-55,vote_up
1762119341427,client-54,vote_up
1762119341427,client-56,vote_up
1762119341427,client-57,vote_up
1762119341427,client-58,vote_up
1762119341427,client-60,vote_up
1762119341427,client-59,vote_up
1762119341427,client-61,vote_up
1762119341427,client-62,vote_up
1762119341427,client-4,vote_up
1762119341427,client-63,vote_up
1762119341427,client-3,vote_up
1762119341427,client-5,vote_up
1762119341427,client-7,vote_up
1762119341427,client-8,vote_up
1762119341427,client-6,vote_up
1762119341427,client-9,vote_up
1762119341427,client-10,vote_up
1762119341427,client-11,vote_up
1762119341427,client-64,vote_up
1762119341427,client-13,post_create
1762119341427,client-12,post_create
1762119341427,client-14,post_create
1762119341427,client-15,post_create
1762119341427,client-16,post_create
1762119341427,client-18,post_create
1762119341427,client-17,post_create
1762119341427,client-21,post_create
1762119341427,client-19,post_create
1762119341428,client-22,post_create
1762119341428,client-20,post_create
1762119341428,client-24,post_create
1762119341428,client-23,post_create
1762119341428,client-25,post_create
1762119341428,client-2,post_create
1762119341428,client-1,comment_create
1762119341428,client-26,post_create
1762119341428,client-27,post_create
1762119341428,client-28,post_create
1762119341428,client-31,post_create
1762119341428,client-29,post_create
1762119341428,client-34,post_create
1762119341428,client-32,post_create
1762119341428,client-30,post_create
1762119341428,client-33,post_create
1762119341428,client-36,post_create
1762119341428,client-35,post_create
1762119341428,client-38,post_create
1762119341428,client-37,post_create
1762119341428,client-40,post_create
1762119341428,client-39,post_create
1762119341428,client-41,post_create
1762119341428,client-42,post_create
1762119341428,client-43,post_create
1762119341428,client-44,post_create
1762119341428,client-45,post_create
1762119341428,client-47,post_create
1762119341428,client-46,post_create
1762119341428,client-48,post_create
1762119341428,client-49,post_create
1762119341428,client-51,post_create
1762119341428,client-50,post_create
1762119341428,client-52,post_create
1762119341428,client-53,post_create
1762119341428,client-55,post_create
1762119341428,client-54,post_create
1762119341428,client-56,post_create
1762119341428,client-57,post_create
1762119341428,client-58,post_create
1762119341428,client-60,post_create
1762119341428,client-59,post_create
1762119341428,client-61,post_create
1762119341428,client-62,post_create
1762119341428,client-4,post_create
1762119341428,client-63,post_create
1762119341428,client-3,post_create
1762119341428,client-5,post_create
1762119341428,client-7,post_create
1762119341428,client-8,post_create
1762119341428,client-6,post_create
1762119341428,client-9,post_create
1762119341429,client-10,post_create
1762119341429,client-11,post_create
1762119341429,client-64,post_create
1762119341429,client-13,comment_create
1762119341429,client-12,comment_create
1762119341429,client-14,comment_create
1762119341429,client-15,comment_create
1762119341429,client-16,comment_create
1762119341429,client-18,comment_create
1762119341429,client-17,comment_create
1762119341429,client-21,comment_create
1762119341429,client-19,comment_create
1762119341429,client-22,comment_create
1762119341429,client-20,comment_create
1762119341429,client-24,comment_create
1762119341429,client-23,comment_create
1762119341429,client-25,comment_create
1762119341429,client-2,comment_create
1762119341429,client-1,vote_up
1762119341429,client-26,comment_create
1762119341429,client-28,comment_create
1762119341429,client-27,comment_create
1762119341429,client-31,comment_create
1762119341429,client-29,comment_create
1762119341429,client-34,comment_create
1762119341429,client-32,comment_create
1762119341429,client-30,comment_create
1762119341429,client-33,comment_create
1762119341429,client-36,comment_create
1762119341429,client-35,comment_create
1762119341429,client-38,comment_create
1762119341429,client-37,comment_create
1762119341429,client-40,comment_create
1762119341429,client-39,comment_create
1762119341429,client-41,comment_create
1762119341429,client-42,comment_create
1762119341429,client-43,comment_create
1762119341429,client-44,comment_create
1762119341429,client-45,comment_create
1762119341429,client-47,comment_create
1762119341429,client-46,comment_create
1762119341429,client-48,comment_create
1762119341429,client-49,comment_create
1762119341429,client-51,comment_create
1762119341429,client-50,comment_create
1762119341429,client-52,comment_create
1762119341429,client-53,comment_create
1762119341429,client-55,comment_create
1762119341429,client-54,comment_create
1762119341429,client-56,comment_create
1762119341429,client-57,comment_create
1762119341429,client-58,comment_create
1762119341429,client-60,comment_create
1762119341429,client-59,comment_create
1762119341429,client-61,comment_create
1762119341429,client-62,comment_create
1762119341429,client-4,comment_create
1762119341429,client-63,comment_create
1762119341429,client-3,comment_create
1762119341429,client-5,comment_create
1762119341429,client-7,comment_create
1762119341429,client-8,comment_create
1762119341429,client-6,comment_create
1762119341429,client-9,comment_create
1762119341429,client-10,comment_create
1762119341429,client-11,comment_create
1762119341429,client-64,comment_create
1762119341429,client-13,vote_up
1762119341429,client-12,vote_up
1762119341429,client-14,vote_up
1762119341429,client-15,vote_up
1762119341429,client-16,vote_up
1762119341429,client-18,vote_up
1762119341429,client-17,vote_up
1762119341429,client-21,vote_up
1762119341429,client-19,vote_up
1762119341429,client-22,vote_up
1762119341429,client-20,vote_up
1762119341429,client-24,vote_up
1762119341429,client-23,vote_up
1762119341429,client-25,vote_up
1762119341429,client-2,vote_up
1762119341429,client-1,post_create
1762119341429,client-26,vote_up
1762119341429,client-28,vote_up
1762119341429,client-27,vote_up
1762119341429,client-31,vote_up
1762119341429,client-29,vote_up
1762119341429,client-34,vote_up
1762119341429,client-32,vote_up
1762119341429,client-30,vote_up
1762119341429,client-33,vote_up
1762119341429,client-36,vote_up
1762119341429,client-35,vote_up
1762119341429,client-38,vote_up
1762119341429,client-37,vote_up
1762119341429,client-39,vote_up
1762119341429,client-40,vote_up
1762119341429,client-41,vote_up
1762119341429,client-42,vote_up
1762119341429,client-44,vote_up
1762119341429,client-43,vote_up
1762119341429,client-45,vote_up
1762119341429,client-47,vote_up
1762119341429,client-46,vote_up
1762119341429,client-48,vote_up
1762119341429,client-49,vote_up
1762119341429,client-51,vote_up
1762119341429,client-50,vote_up
1762119341429,client-52,vote_up
1762119341429,client-53,vote_up
1762119341429,client-55,vote_up
1762119341429,client-54,vote_up
1762119341429,client-56,vote_up
1762119341429,client-57,vote_up
1762119341429,client-58,vote_up
1762119341429,client-60,vote_up
1762119341429,client-59,vote_up
1762119341429,client-61,vote_up
1762119341429,client-62,vote_up
1762119341429,client-4,vote_up
1762119341429,client-63,vote_up
1762119341429,client-3,vote_up
1762119341429,client-5,vote_up
1762119341429,client-7,vote_up
1762119341429,client-8,vote_up
1762119341429,client-6,vote_up
1762119341429,client-9,vote_up
1762119341429,client-10,vote_up
1762119341429,client-11,vote_up
1762119341429,client-64,vote_up
1762119341429,client-13,post_create
1762119341429,client-12,post_create
1762119341429,client-14,post_create
1762119341429,client-15,post_create
1762119341429,client-16,post_create
1762119341429,client-18,post_create
1762119341429,client-17,post_create
1762119341429,client-21,post_create
1762119341429,client-19,post_create
1762119341429,client-22,post_create
1762119341429,client-20,post_create
1762119341429,client-24,post_create
1762119341429,client-23,post_create
1762119341429,client-25,post_create
1762119341429,client-2,post_create
1762119341429,client-1,comment_create
1762119341429,client-26,post_create
1762119341430,client-28,post_create
1762119341430,client-27,post_create
1762119341430,client-31,post_create
1762119341430,client-29,post_create
1762119341430,client-34,post_create
1762119341430,client-32,post_create
1762119341430,client-30,post_create
1762119341430,client-33,post_create
1762119341430,client-36,post_create
1762119341430,client-35,post_create
1762119341430,client-38,post_create
1762119341430,client-39,post_create
1762119341430,client-37,post_create
1762119341430,client-40,post_create
1762119341430,client-41,post_create
1762119341430,client-42,post_create
1762119341430,client-43,post_create
1762119341430,client-44,post_create
1762119341430,client-45,post_create
1762119341430,client-47,post_create
1762119341430,client-48,post_create
1762119341430,client-46,post_create
1762119341430,client-49,post_create
1762119341430,client-51,post_create
1762119341430,client-50,post_create
1762119341430,client-52,post_create
1762119341430,client-53,post_create
1762119341430,client-55,post_create
1762119341430,client-54,post_create
1762119341430,client-56,post_create
1762119341430,client-57,post_create
1762119341430,client-58,post_create
1762119341430,client-60,post_create
1762119341430,client-59,post_create
1762119341430,client-61,post_create
1762119341430,client-62,post_create
1762119341430,client-4,post_create
1762119341430,client-63,post_create
1762119341430,client-3,post_create
1762119341430,client-5,post_create
1762119341430,client-7,post_create
1762119341430,client-8,post_create
1762119341430,client-6,post_create
1762119341430,client-9,post_create
1762119341430,client-10,post_create
1762119341430,client-11,post_create
1762119341430,client-64,post_create
1762119341430,client-13,comment_create
1762119341430,client-12,comment_create
1762119341430,client-14,comment_create
1762119341430,client-15,comment_create
1762119341430,client-16,comment_create
1762119341430,client-18,comment_create
1762119341430,client-17,comment_create
1762119341430,client-21,comment_create
1762119341430,client-19,comment_create
1762119341430,client-22,comment_create
1762119341430,client-20,comment_create
1762119341430,client-24,comment_create
1762119341430,client-23,comment_create
1762119341430,client-25,comment_create
1762119341430,client-2,comment_create
1762119341430,client-1,vote_up
1762119341430,client-26,comment_create
1762119341430,client-28,comment_create
1762119341430,client-27,comment_create
1762119341430,client-31,comment_create
1762119341430,client-29,comment_create
1762119341430,client-34,comment_create
1762119341430,client-32,comment_create
1762119341430,client-30,comment_create
1762119341430,client-33,comment_create
1762119341430,client-36,comment_create
1762119341431,client-38,comment_create
1762119341431,client-35,comment_create
1762119341431,client-39,comment_create
1762119341431,client-37,comment_create
1762119341431,client-40,comment_create
1762119341431,client-41,comment_create
1762119341431,client-42,comment_create
1762119341431,client-43,comment_create
1762119341431,client-44,comment_create
1762119341431,client-45,comment_create
1762119341431,client-47,comment_create
1762119341431,client-48,comment_create
1762119341431,client-46,comment_create
1762119341431,client-49,comment_create
1762119341431,client-51,comment_create
1762119341431,client-50,comment_create
1762119341431,client-52,comment_create
1762119341431,client-53,comment_create
1762119341431,client-55,comment_create
1762119341431,client-54,comment_create
1762119341431,client-56,comment_create
1762119341431,client-57,comment_create
1762119341431,client-58,comment_create
1762119341431,client-60,comment_create
1762119341431,client-59,comment_create
1762119341431,client-61,comment_create
1762119341431,client-62,comment_create
1762119341431,client-4,comment_create
1762119341431,client-63,comment_create
1762119341431,client-3,comment_create
1762119341431,client-5,comment_create
1762119341431,client-7,comment_create
1762119341431,client-8,comment_create
1762119341431,client-6,comment_create
1762119341431,client-9,comment_create
1762119341431,client-10,comment_create
1762119341431,client-11,comment_create
1762119341431,client-64,comment_create
1762119341431,client-13,vote_up
1762119341431,client-12,vote_up
1762119341431,client-14,vote_up
1762119341431,client-15,vote_up
1762119341431,client-16,vote_up
1762119341431,client-18,vote_up
1762119341431,client-17,vote_up
1762119341431,client-21,vote_up
1762119341431,client-19,vote_up
1762119341431,client-22,vote_up
1762119341431,client-20,vote_up
1762119341431,client-24,vote_up
1762119341431,client-23,vote_up
1762119341431,client-25,vote_up
1762119341431,client-2,vote_up
1762119341431,client-1,post_create
1762119341431,client-26,vote_up
1762119341431,client-28,vote_up
1762119341431,client-27,vote_up
1762119341431,client-31,vote_up
1762119341431,client-29,vote_up
1762119341431,client-34,vote_up
1762119341431,client-32,vote_up
1762119341431,client-30,vote_up
1762119341431,client-33,vote_up
1762119341431,client-36,vote_up
1762119341431,client-38,vote_up
1762119341431,client-35,vote_up
1762119341431,client-39,vote_up
1762119341431,client-37,vote_up
1762119341431,client-40,vote_up
1762119341431,client-41,vote_up
1762119341431,client-42,vote_up
1762119341431,client-43,vote_up
1762119341431,client-44,vote_up
1762119341431,client-45,vote_up
1762119341431,client-47,vote_up
1762119341431,client-48,vote_up
1762119341431,client-46,vote_up
1762119341431,client-49,vote_up
1762119341431,client-51,vote_up
1762119341431,client-50,vote_up
1762119341431,client-52,vote_up
1762119341431,client-53,vote_up
1762119341431,client-55,vote_up
1762119341431,client-54,vote_up
1762119341431,client-56,vote_up
1762119341431,client-57,vote_up
1762119341431,client-58,vote_up
1762119341431,client-60,vote_up
1762119341431,client-59,vote_up
1762119341431,client-61,vote_up
1762119341431,client-62,vote_up
1762119341431,client-4,vote_up
1762119341431,client-63,vote_up
1762119341431,client-3,vote_up
1762119341431,client-5,vote_up
1762119341431,client-7,vote_up
1762119341431,client-8,vote_up
1762119341431,client-6,vote_up
1762119341431,client-9,vote_up
1762119341431,client-10,vote_up
1762119341431,client-11,vote_up
1762119341431,client-64,vote_up
1762119341431,client-13,post_create
1762119341431,client-12,post_create
1762119341431,client-14,post_create
1762119341431,client-15,post_create
1762119341431,client-16,post_create
1762119341431,client-18,post_create
1762119341431,client-17,post_create
1762119341431,client-21,post_create
1762119341431,client-19,post_create
1762119341431,client-22,post_create
1762119341431,client-24,post_create
1762119341431,client-20,post_create
1762119341431,client-23,post_create
1762119341431,client-25,post_create
1762119341431,client-2,post_create
1762119341431,client-1,comment_create
1762119341431,client-26,post_create
1762119341431,client-28,post_create
1762119341431,client-27,post_create
1762119341431,client-31,post_create
1762119341431,client-29,post_create
1762119341431,client-34,post_create
1762119341431,client-32,post_create
1762119341431,client-30,post_create
1762119341431,client-33,post_create
1762119341431,client-36,post_create
1762119341431,client-38,post_create
1762119341432,client-35,post_create
1762119341432,client-39,post_create
1762119341432,client-37,post_create
1762119341432,client-40,post_create
1762119341432,client-41,post_create
1762119341432,client-42,post_create
1762119341432,client-43,post_create
1762119341432,client-44,post_create
1762119341432,client-45,post_create
1762119341432,client-47,post_create
1762119341432,client-48,post_create
1762119341432,client-46,post_create
1762119341432,client-49,post_create
1762119341432,client-51,post_create
1762119341432,client-50,post_create
1762119341432,client-52,post_create
1762119341432,client-53,post_create
1762119341432,client-55,post_create
1762119341432,client-54,post_create
1762119341432,client-56,post_create
1762119341432,client-57,post_create
1762119341432,client-58,post_create
1762119341432,client-60,post_create
1762119341432,client-59,post_create
1762119341432,client-61,post_create
1762119341432,client-62,post_create
1762119341432,client-4,post_create
1762119341432,client-63,post_create
1762119341432,client-3,post_create
1762119341432,client-5,post_create
1762119341432,client-7,post_create
1762119341432,client-8,post_create
1762119341432,client-6,post_create
1762119341432,client-9,post_create
1762119341432,client-10,post_create
1762119341432,client-11,post_create
1762119341432,client-64,post_create
1762119341432,client-13,comment_create
1762119341432,client-12,comment_create
1762119341432,client-14,comment_create
1762119341432,client-15,comment_create
1762119341432,client-16,comment_create
1762119341432,client-18,comment_create
1762119341432,client-17,comment_create
1762119341432,client-21,comment_create
1762119341432,client-19,comment_create
1762119341432,client-22,comment_create
1762119341432,client-24,comment_create
1762119341432,client-20,comment_create
1762119341432,client-23,comment_create
1762119341432,client-25,comment_create
1762119341432,client-2,comment_create
1762119341432,client-1,vote_up
1762119341432,client-26,comment_create
1762119341432,client-28,comment_create
1762119341432,client-27,comment_create
1762119341432,client-31,comment_create
1762119341432,client-29,comment_create
1762119341432,client-34,comment_create
1762119341432,client-32,comment_create
1762119341432,client-30,comment_create
1762119341432,client-33,comment_create
1762119341432,client-36,comment_create
1762119341432,client-38,comment_create
1762119341432,client-35,comment_create
1762119341432,client-39,comment_create
1762119341432,client-37,comment_create
1762119341432,client-40,comment_create
1762119341432,client-41,comment_create
1762119341432,client-42,comment_create
1762119341432,client-43,comment_create
1762119341432,client-44,comment_create
1762119341432,client-45,comment_create
1762119341432,client-47,comment_create
1762119341432,client-48,comment_create
1762119341432,client-46,comment_create
1762119341432,client-49,comment_create
1762119341432,client-51,comment_create
1762119341432,client-50,comment_create
1762119341432,client-52,comment_create
1762119341432,client-53,comment_create
1762119341432,client-55,comment_create
1762119341432,client-54,comment_create
1762119341432,client-56,comment_create
1762119341432,client-57,comment_create
1762119341432,client-58,comment_create
1762119341432,client-60,comment_create
1762119341432,client-59,comment_create
1762119341432,client-61,comment_create
1762119341432,client-62,comment_create
1762119341432,client-4,comment_create
1762119341432,client-63,comment_create
1762119341432,client-3,comment_create
1762119341433,client-5,comment_create
1762119341433,client-7,comment_create
1762119341433,client-8,comment_create
1762119341433,client-6,comment_create
1762119341433,client-9,comment_create
1762119341433,client-10,comment_create
1762119341433,client-11,comment_create
1762119341433,client-64,comment_create
1762119341433,client-13,vote_up
1762119341433,client-12,vote_up
1762119341433,client-14,vote_up
1762119341433,client-15,vote_up
1762119341433,client-16,vote_up
1762119341433,client-18,vote_up
1762119341433,client-17,vote_up
1762119341433,client-21,vote_up
1762119341433,client-19,vote_up
1762119341433,client-22,vote_up
1762119341433,client-24,vote_up
1762119341433,client-20,vote_up
1762119341433,client-23,vote_up
1762119341433,client-25,vote_up
1762119341433,client-2,vote_up
1762119341433,client-1,post_create
1762119341433,client-26,vote_up
1762119341433,client-28,vote_up
1762119341433,client-27,vote_up
1762119341433,client-31,vote_up
1762119341433,client-29,vote_up
1762119341433,client-34,vote_up
1762119341433,client-32,vote_up
1762119341433,client-30,vote_up
1762119341433,client-33,vote_up
1762119341433,client-36,vote_up
1762119341433,client-38,vote_up
1762119341433,client-35,vote_up
1762119341433,client-39,vote_up
1762119341433,client-37,vote_up
1762119341433,client-40,vote_up
1762119341433,client-41,vote_up
1762119341433,client-42,vote_up
1762119341433,client-43,vote_up
1762119341433,client-44,vote_up
1762119341433,client-45,vote_up
1762119341433,client-47,vote_up
1762119341433,client-48,vote_up
1762119341433,client-46,vote_up
1762119341433,client-49,vote_up
1762119341433,client-51,vote_up
1762119341433,client-52,vote_up
1762119341433,client-50,vote_up
1762119341433,client-53,vote_up
1762119341433,client-55,vote_up
1762119341433,client-54,vote_up
1762119341433,client-56,vote_up
1762119341433,client-57,vote_up
1762119341433,client-58,vote_up
1762119341433,client-60,vote_up
1762119341433,client-59,vote_up
1762119341433,client-61,vote_up
1762119341433,client-62,vote_up
1762119341433,client-4,vote_up
1762119341433,client-63,vote_up
1762119341433,client-3,vote_up
1762119341433,client-5,vote_up
1762119341433,client-7,vote_up
1762119341433,client-8,vote_up
1762119341433,client-6,vote_up
1762119341433,client-9,vote_up
1762119341433,client-10,vote_up
1762119341433,client-11,vote_up
1762119341433,client-64,vote_up
1762119341433,client-13,post_create
1762119341433,client-12,post_create
1762119341433,client-14,post_create
1762119341433,client-15,post_create
1762119341433,client-16,post_create
1762119341433,client-18,post_create
1762119341433,client-17,post_create
1762119341433,client-21,post_create
1762119341433,client-19,post_create
1762119341433,client-22,post_create
1762119341433,client-24,post_create
1762119341433,client-20,post_create
1762119341433,client-23,post_create
1762119341433,client-25,post_create
1762119341433,client-2,post_create
1762119341433,client-1,comment_create
1762119341433,client-26,post_create
1762119341433,client-28,post_create
1762119341433,client-27,post_create
1762119341433,client-31,post_create
1762119341433,client-29,post_create
1762119341433,client-34,post_create
1762119341433,client-32,post_create
1762119341433,client-30,post_create
1762119341433,client-33,post_create
1762119341433,client-36,post_create
1762119341433,client-38,post_create
1762119341433,client-35,post_create
1762119341433,client-39,post_create
1762119341433,client-37,post_create
1762119341433,client-40,post_create
1762119341433,client-41,post_create
1762119341434,client-42,post_create
1762119341434,client-43,post_create
1762119341434,client-44,post_create
1762119341434,client-45,post_create
1762119341434,client-47,post_create
1762119341434,client-48,post_create
1762119341434,client-46,post_create
1762119341434,client-49,post_create
1762119341434,client-51,post_create
1762119341434,client-52,post_create
1762119341434,client-50,post_create
1762119341434,client-53,post_create
1762119341434,client-55,post_create
1762119341434,client-54,post_create
1762119341434,client-56,post_create
1762119341434,client-57,post_create
1762119341434,client-58,post_create
1762119341434,client-60,post_create
1762119341434,client-59,post_create
1762119341434,client-61,post_create
1762119341434,client-62,post_create
1762119341434,client-4,post_create
1762119341434,client-63,post_create
1762119341434,client-3,post_create
1762119341434,client-5,post_create
1762119341434,client-7,post_create
1762119341434,client-8,post_create
1762119341434,client-6,post_create
1762119341434,client-9,post_create
1762119341434,client-10,post_create
1762119341434,client-11,post_create
1762119341434,client-64,post_create
1762119341434,client-13,comment_create
1762119341434,client-12,comment_create
1762119341434,client-14,comment_create
1762119341434,client-15,comment_create
1762119341434,client-16,comment_create
1762119341434,client-18,comment_create
1762119341434,client-17,comment_create
1762119341434,client-21,comment_create
1762119341434,client-19,comment_create
1762119341434,client-22,comment_create
1762119341434,client-24,comment_create
1762119341434,client-20,comment_create
1762119341434,client-23,comment_create
1762119341434,client-25,comment_create
1762119341434,client-2,comment_create
1762119341434,client-1,vote_up
1762119341434,client-26,comment_create
1762119341434,client-28,comment_create
1762119341434,client-27,comment_create
1762119341434,client-31,comment_create
1762119341434,client-29,comment_create
1762119341434,client-34,comment_create
1762119341434,client-32,comment_create
1762119341434,client-30,comment_create
1762119341434,client-33,comment_create
1762119341434,client-36,comment_create
1762119341434,client-38,comment_create
1762119341434,client-35,comment_create
1762119341434,client-39,comment_create
1762119341434,client-37,comment_create
1762119341434,client-40,comment_create
1762119341434,client-41,comment_create
1762119341434,client-42,comment_create
1762119341434,client-43,comment_create
1762119341434,client-44,comment_create
1762119341434,client-45,comment_create
1762119341434,client-47,comment_create
1762119341434,client-48,comment_create
1762119341434,client-46,comment_create
1762119341434,client-49,comment_create
1762119341434,client-51,comment_create
1762119341434,client-52,comment_create
1762119341434,client-50,comment_create
1762119341434,client-53,comment_create
1762119341434,client-55,comment_create
1762119341434,client-54,comment_create
1762119341434,client-56,comment_create
1762119341434,client-57,comment_create
1762119341434,client-58,comment_create
1762119341434,client-60,comment_create
1762119341434,client-59,comment_create
1762119341434,client-61,comment_create
1762119341434,client-62,comment_create
1762119341434,client-4,comment_create
1762119341434,client-63,comment_create
1762119341434,client-3,comment_create
1762119341434,client-5,comment_create
1762119341434,client-7,comment_create
1762119341434,client-8,comment_create
1762119341434,client-6,comment_create
1762119341434,client-9,comment_create
1762119341434,client-10,comment_create
1762119341434,client-11,comment_create
1762119341434,client-64,comment_create
1762119341434,client-13,vote_up
1762119341434,client-12,vote_up
1762119341434,client-14,vote_up
1762119341434,client-15,vote_up
1762119341434,client-16,vote_up
1762119341434,client-18,vote_up
1762119341434,client-17,vote_up
1762119341434,client-21,vote_up
1762119341434,client-19,vote_up
1762119341434,client-22,vote_up
1762119341434,client-24,vote_up
1762119341434,client-20,vote_up
1762119341434,client-23,vote_up
1762119341434,client-25,vote_up
1762119341434,client-2,vote_up
1762119341434,client-1,post_create
1762119341434,client-26,vote_up
1762119341434,client-28,vote_up
1762119341434,client-27,vote_up
1762119341434,client-31,vote_up
1762119341434,client-29,vote_up
1762119341435,client-34,vote_up
1762119341435,client-32,vote_up
1762119341435,client-30,vote_up
1762119341435,client-33,vote_up
1762119341435,client-36,vote_up
1762119341435,client-38,vote_up
1762119341435,client-35,vote_up
1762119341435,client-39,vote_up
1762119341435,client-37,vote_up
1762119341435,client-40,vote_up
1762119341435,client-41,vote_up
1762119341435,client-42,vote_up
1762119341435,client-43,vote_up
1762119341435,client-44,vote_up
1762119341435,client-45,vote_up
1762119341435,client-47,vote_up
1762119341435,client-48,vote_up
1762119341435,client-46,vote_up
1762119341435,client-49,vote_up
1762119341435,client-51,vote_up
1762119341435,client-52,vote_up
1762119341435,client-50,vote_up
1762119341435,client-53,vote_up
1762119341435,client-55,vote_up
1762119341435,client-54,vote_up
1762119341435,client-56,vote_up
1762119341435,client-57,vote_up
1762119341435,client-58,vote_up
1762119341435,client-60,vote_up
1762119341435,client-59,vote_up
1762119341435,client-61,vote_up
1762119341435,client-62,vote_up
1762119341435,client-4,vote_up
1762119341435,client-63,vote_up
1762119341435,client-3,vote_up
1762119341435,client-5,vote_up
1762119341435,client-7,vote_up
1762119341435,client-8,vote_up
1762119341435,client-6,vote_up
1762119341435,client-9,vote_up
1762119341435,client-10,vote_up
1762119341435,client-11,vote_up
1762119341435,client-64,vote_up
1762119341435,client-13,post_create
1762119341435,client-12,post_create
1762119341435,client-14,post_create
1762119341435,client-15,post_create
1762119341435,client-16,post_create
1762119341435,client-18,post_create
1762119341435,client-17,post_create
1762119341435,client-21,post_create
1762119341435,client-19,post_create
1762119341435,client-22,post_create
1762119341435,client-24,post_create
1762119341435,client-20,post_create
1762119341435,client-23,post_create
1762119341435,client-25,post_create
1762119341435,client-2,post_create
1762119341435,client-1,comment_create
1762119341435,client-26,post_create
1762119341435,client-28,post_create
1762119341435,client-27,post_create
1762119341435,client-31,post_create
1762119341435,client-29,post_create
1762119341435,client-34,post_create
1762119341435,client-32,post_create
1762119341435,client-30,post_create
1762119341435,client-33,post_create
1762119341435,client-36,post_create
1762119341435,client-38,post_create
1762119341435,client-35,post_create
1762119341435,client-39,post_create
1762119341435,client-37,post_create
1762119341435,client-40,post_create
1762119341435,client-41,post_create
1762119341435,client-42,post_create
1762119341435,client-43,post_create
1762119341435,client-44,post_create
1762119341435,client-45,post_create
1762119341435,client-47,post_create
1762119341436,client-48,post_create
1762119341436,client-46,post_create
1762119341436,client-49,post_create
1762119341436,client-51,post_create
1762119341436,client-52,post_create
1762119341436,client-50,post_create
1762119341436,client-53,post_create
1762119341436,client-55,post_create
1762119341436,client-54,post_create
1762119341436,client-56,post_create
1762119341436,client-57,post_create
1762119341436,client-58,post_create
1762119341436,client-60,post_create
1762119341436,client-59,post_create
1762119341436,client-61,post_create
1762119341436,client-62,post_create
1762119341436,client-4,post_create
1762119341436,client-63,post_create
1762119341436,client-3,post_create
1762119341436,client-5,post_create
1762119341436,client-7,post_create
1762119341436,client-8,post_create
1762119341436,client-6,post_create
1762119341436,client-9,post_create
1762119341436,client-10,post_create
1762119341436,client-11,post_create
1762119341436,client-64,post_create
1762119341436,client-13,comment_create
1762119341436,client-12,comment_create
1762119341436,client-14,comment_create
1762119341436,client-15,comment_create
1762119341436,client-16,comment_create
1762119341436,client-18,comment_create
1762119341436,client-17,comment_create
1762119341436,client-21,comment_create
1762119341436,client-19,comment_create
1762119341436,client-22,comment_create
1762119341436,client-24,comment_create
1762119341436,client-20,comment_create
1762119341436,client-23,comment_create
1762119341436,client-25,comment_create
1762119341436,client-2,comment_create
1762119341436,client-1,vote_up
1762119341436,client-26,comment_create
1762119341436,client-28,comment_create
1762119341436,client-27,comment_create
1762119341436,client-31,comment_create
1762119341436,client-29,comment_create
1762119341436,client-34,comment_create
1762119341436,client-32,comment_create
1762119341436,client-30,comment_create
1762119341436,client-33,comment_create
1762119341436,client-36,comment_create
1762119341436,client-38,comment_create
1762119341436,client-35,comment_create
1762119341436,client-39,comment_create
1762119341436,client-37,comment_create
1762119341436,client-40,comment_create
1762119341436,client-41,comment_create
1762119341436,client-42,comment_create
1762119341436,client-43,comment_create
1762119341436,client-44,comment_create
1762119341436,client-45,comment_create
1762119341436,client-47,comment_create
1762119341436,client-48,comment_create
1762119341436,client-46,comment_create
1762119341436,client-49,comment_create
1762119341436,client-51,comment_create
1762119341436,client-52,comment_create
1762119341436,client-50,comment_create
1762119341436,client-53,comment_create
1762119341436,client-55,comment_create
1762119341436,client-54,comment_create
1762119341436,client-56,comment_create
1762119341436,client-57,comment_create
1762119341436,client-58,comment_create
1762119341436,client-60,comment_create
1762119341436,client-59,comment_create
1762119341436,client-61,comment_create
1762119341436,client-62,comment_create
1762119341436,client-4,comment_create
1762119341436,client-63,comment_create
1762119341436,client-3,comment_create
1762119341436,client-5,comment_create
1762119341436,client-7,comment_create
1762119341436,client-8,comment_create
1762119341436,client-6,comment_create
1762119341436,client-9,comment_create
1762119341436,client-10,comment_create
1762119341436,client-11,comment_create
1762119341436,client-64,comment_create
1762119341436,client-13,vote_up
1762119341436,client-12,vote_up
1762119341436,client-14,vote_up
1762119341436,client-15,vote_up
1762119341436,client-16,vote_up
1762119341436,client-18,vote_up
1762119341436,client-17,vote_up
1762119341436,client-21,vote_up
1762119341436,client-19,vote_up
1762119341436,client-22,vote_up
1762119341436,client-24,vote_up
1762119341436,client-20,vote_up
1762119341436,client-23,vote_up
1762119341436,client-25,vote_up
1762119341436,client-2,vote_up
1762119341436,client-1,post_create
1762119341436,client-26,vote_up
1762119341436,client-28,vote_up
1762119341436,client-27,vote_up
1762119341436,client-31,vote_up
1762119341436,client-29,vote_up
1762119341436,client-34,vote_up
1762119341436,client-32,vote_up
1762119341436,client-30,vote_up
1762119341436,client-33,vote_up
1762119341436,client-36,vote_up
1762119341436,client-35,vote_up
1762119341436,client-38,vote_up
1762119341436,client-39,vote_up
1762119341436,client-40,vote_up
1762119341436,client-37,vote_up
1762119341436,client-41,vote_up
1762119341436,client-42,vote_up
1762119341436,client-43,vote_up
1762119341436,client-44,vote_up
1762119341436,client-45,vote_up
1762119341436,client-47,vote_up
1762119341436,client-48,vote_up
1762119341436,client-46,vote_up
1762119341436,client-51,vote_up
1762119341436,client-49,vote_up
1762119341436,client-52,vote_up
1762119341437,client-53,vote_up
1762119341437,client-50,vote_up
1762119341437,client-55,vote_up
1762119341437,client-54,vote_up
1762119341437,client-56,vote_up
1762119341437,client-57,vote_up
1762119341437,client-58,vote_up
1762119341437,client-60,vote_up
1762119341437,client-59,vote_up
1762119341437,client-61,vote_up
1762119341437,client-62,vote_up
1762119341437,client-4,vote_up
1762119341437,client-63,vote_up
1762119341437,client-3,vote_up
1762119341437,client-5,vote_up
1762119341437,client-7,vote_up
1762119341437,client-8,vote_up
1762119341437,client-6,vote_up
1762119341437,client-9,vote_up
1762119341437,client-10,vote_up
1762119341437,client-11,vote_up
1762119341437,client-64,vote_up
1762119341437,client-13,post_create
1762119341437,client-12,post_create
1762119341437,client-14,post_create
1762119341437,client-15,post_create
1762119341437,client-16,post_create
1762119341437,client-17,post_create
1762119341437,client-18,post_create
1762119341437,client-21,post_create
1762119341437,client-19,post_create
1762119341437,client-22,post_create
1762119341437,client-24,post_create
1762119341437,client-20,post_create
1762119341437,client-23,post_create
1762119341437,client-25,post_create
1762119341437,client-2,post_create
1762119341437,client-28,post_create
1762119341437,client-26,post_create
1762119341437,client-27,post_create
1762119341437,client-31,post_create
1762119341437,client-29,post_create
1762119341437,client-34,post_create
1762119341437,client-32,post_create
1762119341437,client-30,post_create
1762119341437,client-33,post_create
1762119341437,client-36,post_create
1762119341437,client-35,post_create
1762119341437,client-38,post_create
1762119341437,client-39,post_create
1762119341437,client-40,post_create
1762119341437,client-37,post_create
1762119341437,client-41,post_create
1762119341437,client-42,post_create
1762119341437,client-43,post_create
1762119341437,client-44,post_create
1762119341437,client-45,post_create
1762119341437,client-47,post_create
1762119341437,client-48,post_create
1762119341437,client-46,post_create
1762119341437,client-51,post_create
1762119341437,client-49,post_create
1762119341437,client-52,post_create
1762119341438,client-50,post_create
1762119341438,client-53,post_create
1762119341438,client-55,post_create
1762119341438,client-54,post_create
1762119341438,client-56,post_create
1762119341438,client-57,post_create
1762119341438,client-58,post_create
1762119341438,client-60,post_create
1762119341438,client-59,post_create
1762119341438,client-61,post_create
1762119341438,client-62,post_create
1762119341438,client-4,post_create
1762119341438,client-63,post_create
1762119341438,client-3,post_create
1762119341438,client-5,post_create
1762119341438,client-7,post_create
1762119341438,client-8,post_create
1762119341438,client-6,post_create
1762119341438,client-9,post_create
1762119341438,client-10,post_create
1762119341438,client-11,post_create
1762119341438,client-64,post_create
